"athlete","day","workout","type","UBNL","LBNL","est1RM","est1RMchange"
"Ann",1,"Lower","Easy",0,17,100.379783458095,NA
"Ann",2,"Upper","Medium",30,0,102.164060058091,1.78427659999609
"Ann",3,"Off","",0,0,97.1275777062932,-5.03648235179749
"Ann",4,"Lower","Easy",0,21,98.0031798617899,0.875602155496779
"Ann",5,"Lower","Medium",0,29,101.202751072002,3.19957121021234
"Ann",6,"Total","Hard",28,31,100.222133335014,-0.980617736988009
"Ann",7,"Off","",0,0,103.149699482802,2.92756614778813
"Ann",8,"Off","",0,0,103.879017937014,0.729318454211835
"Ann",9,"Lower","Medium",0,29,95.9270711025489,-7.95194683446533
"Ann",10,"Total","Easy",12,8,103.108664437005,7.18159333445563
"Ann",11,"Total","Medium",22,22,101.206819266176,-1.90184517082855
"Ann",12,"Off","",0,0,102.0275132601,0.820693993923769
"Ann",13,"Off","",0,0,103.939499708954,1.91198644885384
"Ann",14,"Total","Easy",11,11,104.188134653925,0.248634944971784
"Ann",15,"Off","",0,0,101.733267913033,-2.4548667408919
"Ann",16,"Upper","Medium",27,0,99.7159208255803,-2.01734708745317
"Ann",17,"Total","Easy",6,7,105.530570463687,5.81464963810645
"Ann",18,"Lower","Easy",0,16,101.360545107799,-4.17002535588824
"Ann",19,"Lower","Medium",0,29,100.554092365206,-0.806452742592143
"Ann",20,"Total","Hard",29,30,100.069953572142,-0.484138793064602
"Ann",21,"Total","Hard",30,30,103.88486236886,3.81490879671854
"Ann",22,"Lower","Medium",0,35,99.2717090302739,-4.61315333858639
"Ann",23,"Upper","Easy",21,0,102.776733803933,3.50502477365924
"Ann",24,"Total","Easy",9,9,102.596899879623,-0.179833924310017
"Ann",25,"Total","Hard",32,32,102.319639590907,-0.277260288716462
"Ann",26,"Total","Easy",10,11,102.813762036742,0.494122445835728
"Ann",27,"Total","Hard",28,28,100.267510225182,-2.54625181155991
"Ann",28,"Lower","Medium",0,31,103.630789595158,3.36327936997559
"Ann",29,"Lower","Hard",0,39,103.597481247467,-0.0333083476914737
"Ann",30,"Upper","Medium",29,0,98.0199067488599,-5.57757449860672
"Ann",31,"Lower","Easy",0,18,102.792904032972,4.77299728411228
"Ann",32,"Total","Easy",11,10,102.480133663713,-0.312770369259169
"Ann",33,"Total","Easy",12,11,102.484554125226,0.00442046151341913
"Ann",34,"Total","Easy",8,10,97.7336466765753,-4.75090744865108
"Ann",35,"Total","Medium",25,20,103.376130516221,5.64248383964525
"Ann",36,"Off","",0,0,101.244240198312,-2.13189031790827
"Ann",37,"Off","",0,0,104.225249404649,2.98100920633712
"Ann",38,"Lower","Easy",0,16,103.932063024209,-0.293186380440048
"Ann",39,"Off","",0,0,98.168837649091,-5.7632253751184
"Ann",40,"Off","",0,0,102.846186787959,4.67734913886805
"Ann",41,"Lower","Medium",0,31,105.300005702928,2.45381891496926
"Ann",42,"Total","Easy",13,10,102.546396961513,-2.75360874141565
"Ann",43,"Off","",0,0,105.151119598763,2.60472263725036
"Ann",44,"Lower","Hard",0,39,101.540901930437,-3.61021766832584
"Ann",45,"Lower","Easy",0,21,102.842172306503,1.30127037606539
"Ann",46,"Upper","Hard",40,0,102.740423922518,-0.101748383984443
"Ann",47,"Total","Hard",28,27,102.154150120129,-0.586273802389343
"Ann",48,"Off","",0,0,103.533617349548,1.3794672294194
"Ann",49,"Upper","Medium",27,0,104.204294765395,0.670677415846953
"Ann",50,"Lower","Medium",0,29,106.026486481291,1.82219171589557
"Ann",51,"Lower","Medium",0,26,105.044446340384,-0.982040140906363
"Ann",52,"Total","Medium",21,22,107.711929929843,2.66748358945898
"Ann",53,"Off","",0,0,98.9759340815158,-8.73599584832755
"Ann",54,"Total","Medium",22,16,105.959882833392,6.98394875187594
"Ann",55,"Off","",0,0,105.132620488019,-0.827262345372631
"Ann",56,"Total","Hard",34,33,105.449931474087,0.317310986067454
"Ann",57,"Total","Medium",22,18,108.535625131577,3.08569365749088
"Ann",58,"Total","Medium",16,19,104.601638305418,-3.93398682615947
"Ann",59,"Upper","Medium",30,0,107.103039700136,2.50140139471829
"Ann",60,"Total","Medium",21,17,104.75973835304,-2.34330134709606
"Ann",61,"Off","",0,0,105.402928904151,0.64319055111072
"Ann",62,"Total","Hard",30,31,104.400518834764,-1.00241006938668
"Ann",63,"Total","Easy",13,8,104.310060824318,-0.0904580104466959
"Ann",64,"Upper","Hard",40,0,103.736006739906,-0.574054084411799
"Ann",65,"Off","",0,0,106.632240602535,2.89623386262909
"Ann",66,"Total","Medium",21,19,107.088021551438,0.455780948902955
"Ann",67,"Off","",0,0,107.734120003331,0.646098451893138
"Ann",68,"Off","",0,0,105.224111388446,-2.5100086148848
"Ann",69,"Off","",0,0,105.682081833187,0.457970444740994
"Ann",70,"Upper","Medium",32,0,105.610263648143,-0.0718181850444353
"Ann",71,"Total","Medium",22,20,109.419921260416,3.80965761227321
"Ann",72,"Off","",0,0,110.516230878557,1.09630961814082
"Ann",73,"Off","",0,0,104.83857382132,-5.67765705723642
"Ann",74,"Total","Easy",10,12,106.057203146335,1.21862932501493
"Ann",75,"Upper","Hard",43,0,106.996789411928,0.939586265593192
"Ann",76,"Upper","Easy",20,0,106.862829227959,-0.133960183969407
"Ann",77,"Lower","Medium",0,28,110.957855109253,4.09502588129391
"Ann",78,"Off","",0,0,106.607777364879,-4.35007774437369
"Ann",79,"Lower","Hard",0,42,109.012588208695,2.40481084381575
"Ann",80,"Upper","Hard",39,0,107.133579906454,-1.8790083022414
"Ann",81,"Lower","Medium",0,32,109.649634004182,2.51605409772888
"Ann",82,"Off","",0,0,107.366066116412,-2.28356788777022
"Ann",83,"Upper","Hard",38,0,109.800727682637,2.43466156622456
"Ann",84,"Off","",0,0,110.959418618152,1.15869093551488
"Ann",85,"Off","",0,0,110.331275266657,-0.628143351494415
"Ann",86,"Off","",0,0,108.326282441932,-2.00499282472484
"Ann",87,"Upper","Medium",32,0,111.694187197587,3.36790475565482
"Ann",88,"Off","",0,0,110.717448796626,-0.976738400960869
"Ann",89,"Lower","Medium",0,27,110.866780674859,0.149331878232601
"Ann",90,"Upper","Hard",41,0,111.70089137501,0.834110700151484
"Bill",1,"Total","Hard",31,29,210.865311691199,NA
"Bill",2,"Off","",0,0,206.690044438464,-4.17526725273541
"Bill",3,"Lower","Hard",0,41,210.412750578077,3.72270613961351
"Bill",4,"Lower","Hard",0,40,210.197499630129,-0.215250947948675
"Bill",5,"Total","Medium",23,18,209.279811215733,-0.91768841439594
"Bill",6,"Upper","Easy",23,0,207.168345382495,-2.11146583323776
"Bill",7,"Upper","Hard",39,0,209.299895493765,2.13155011126995
"Bill",8,"Upper","Easy",19,0,210.433990803032,1.13409530926697
"Bill",9,"Off","",0,0,207.566513028521,-2.86747777451134
"Bill",10,"Total","Easy",10,12,208.328489301279,0.761976272758318
"Bill",11,"Off","",0,0,209.66685412829,1.33836482701068
"Bill",12,"Upper","Easy",19,0,208.124282612741,-1.54257151554904
"Bill",13,"Off","",0,0,207.711734058851,-0.412548553889536
"Bill",14,"Total","Medium",18,20,209.120598865641,1.40886480679012
"Bill",15,"Lower","Easy",0,19,207.154487979922,-1.96611088571899
"Bill",16,"Upper","Medium",29,0,206.223518555404,-0.930969424518452
"Bill",17,"Off","",0,0,210.340614050784,4.11709549538014
"Bill",18,"Upper","Easy",18,0,206.291295442916,-4.04931860786829
"Bill",19,"Upper","Medium",28,0,211.201253233552,4.90995779063675
"Bill",20,"Total","Easy",9,9,211.148815845093,-0.0524373884594809
"Bill",21,"Off","",0,0,213.14994870612,2.00113286102749
"Bill",22,"Off","",0,0,211.396821954818,-1.7531267513026
"Bill",23,"Total","Easy",12,15,213.486690646407,2.089868691589
"Bill",24,"Off","",0,0,211.730799200144,-1.75589144626235
"Bill",25,"Upper","Easy",20,0,211.373868296083,-0.356930904060903
"Bill",26,"Off","",0,0,212.4226639105,1.04879561441652
"Bill",27,"Off","",0,0,208.124180943489,-4.2984829670107
"Bill",28,"Total","Easy",10,7,210.075138368095,1.9509574246058
"Bill",29,"Lower","Hard",0,40,211.567390681365,1.49225231326946
"Bill",30,"Upper","Medium",31,0,214.035777041548,2.46838636018327
"Bill",31,"Off","",0,0,213.279075688846,-0.756701352701668
"Bill",32,"Upper","Easy",14,0,212.370857700609,-0.908217988237169
"Bill",33,"Off","",0,0,212.594463813922,0.223606113312542
"Bill",34,"Lower","Hard",0,40,217.958101381668,5.36363756774605
"Bill",35,"Upper","Easy",19,0,216.418851496182,-1.53924988548553
"Bill",36,"Off","",0,0,215.820089044893,-0.598762451288962
"Bill",37,"Lower","Easy",0,21,218.286213686958,2.46612464206521
"Bill",38,"Total","Hard",30,28,215.725451007598,-2.56076267936078
"Bill",39,"Off","",0,0,221.2099222052,5.48447119760252
"Bill",40,"Total","Hard",30,25,212.471549479671,-8.73837272552919
"Bill",41,"Total","Hard",31,28,218.397671456159,5.92612197648822
"Bill",42,"Total","Medium",20,21,214.817577171385,-3.58009428477428
"Bill",43,"Lower","Hard",0,39,216.027683624148,1.21010645276303
"Bill",44,"Upper","Easy",20,0,217.803769847826,1.77608622367799
"Bill",45,"Upper","Easy",20,0,218.947200026223,1.14343017839761
"Bill",46,"Upper","Medium",31,0,217.780036696588,-1.16716332963571
"Bill",47,"Total","Hard",29,28,220.01410080781,2.2340641112221
"Bill",48,"Upper","Hard",40,0,220.815403307539,0.801302499729502
"Bill",49,"Off","",0,0,216.715412712068,-4.09999059547144
"Bill",50,"Upper","Easy",23,0,216.503207394717,-0.212205317350765
"Bill",51,"Off","",0,0,219.858970584429,3.35576318971204
"Bill",52,"Upper","Hard",41,0,216.815133987664,-3.04383659676517
"Bill",53,"Total","Hard",31,32,221.127852574974,4.31271858731031
"Bill",54,"Total","Easy",14,10,223.271040363098,2.14318778812415
"Bill",55,"Off","",0,0,216.092151006932,-7.17888935616651
"Bill",56,"Upper","Medium",29,0,217.271258039779,1.17910703284718
"Bill",57,"Total","Easy",8,9,216.203351169751,-1.06790687002791
"Bill",58,"Lower","Hard",0,42,215.647982399123,-0.555368770628149
"Bill",59,"Off","",0,0,218.46865335668,2.82067095755667
"Bill",60,"Off","",0,0,219.290086976001,0.821433619320857
"Bill",61,"Total","Hard",31,29,218.292182292456,-0.99790468354422
"Bill",62,"Total","Easy",7,8,221.732845208694,3.44066291623787
"Bill",63,"Lower","Easy",0,18,223.95186362906,2.21901842036533
"Bill",64,"Lower","Hard",0,40,226.592288537014,2.64042490795484
"Bill",65,"Total","Hard",26,28,223.693913799833,-2.8983747371812
"Bill",66,"Upper","Medium",31,0,224.973229373348,1.27931557351471
"Bill",67,"Upper","Hard",36,0,224.367299323564,-0.605930049783922
"Bill",68,"Lower","Medium",0,32,224.517092514841,0.149793191277041
"Bill",69,"Off","",0,0,221.458762077061,-3.05833043777997
"Bill",70,"Lower","Hard",0,42,224.496296656995,3.03753457993429
"Bill",71,"Lower","Medium",0,31,219.662861466369,-4.83343519062649
"Bill",72,"Upper","Hard",43,0,224.058974457998,4.39611299162877
"Bill",73,"Lower","Medium",0,30,226.368798001686,2.30982354368822
"Bill",74,"Lower","Hard",0,38,220.667735392906,-5.70106260877958
"Bill",75,"Lower","Easy",0,23,222.354601490889,1.68686609798277
"Bill",76,"Lower","Hard",0,40,225.088226301573,2.73362481068395
"Bill",77,"Upper","Hard",42,0,225.619146739922,0.530920438348772
"Bill",78,"Upper","Easy",17,0,226.020725700856,0.401578960933762
"Bill",79,"Lower","Medium",0,27,223.376666845168,-2.64405885568729
"Bill",80,"Lower","Hard",0,43,224.71604227687,1.33937543170211
"Bill",81,"Upper","Easy",17,0,227.825558974067,3.10951669719631
"Bill",82,"Total","Hard",32,27,225.417423553036,-2.40813542103069
"Bill",83,"Off","",0,0,228.198469511591,2.78104595855535
"Bill",84,"Total","Hard",32,32,224.380654592309,-3.81781491928234
"Bill",85,"Upper","Hard",37,0,224.574803634001,0.194149041692356
"Bill",86,"Lower","Easy",0,21,230.678410488317,6.10360685431556
"Bill",87,"Lower","Easy",0,19,226.161355272815,-4.51705521550153
"Bill",88,"Off","",0,0,225.351817492258,-0.809537780557008
"Bill",89,"Lower","Medium",0,32,224.023139545387,-1.32867794687152
"Bill",90,"Upper","Hard",38,0,226.249728356569,2.22658881118173
"Chris",1,"Total","Easy",10,10,175.330003750011,NA
"Chris",2,"Total","Medium",20,19,170.069586530461,-5.26041721955036
"Chris",3,"Lower","Hard",0,42,172.020895589257,1.95130905879574
"Chris",4,"Upper","Medium",32,0,175.622921926343,3.6020263370863
"Chris",5,"Lower","Medium",0,31,173.478654887694,-2.14426703864919
"Chris",6,"Total","Medium",21,22,178.183603946552,4.70494905885818
"Chris",7,"Lower","Medium",0,31,173.419191196722,-4.76441274982952
"Chris",8,"Off","",0,0,172.513427622473,-0.905763574249619
"Chris",9,"Upper","Medium",30,0,172.813598786838,0.300171164365594
"Chris",10,"Off","",0,0,169.750452016372,-3.06314677046612
"Chris",11,"Off","",0,0,173.355369813316,3.60491779694328
"Chris",12,"Upper","Easy",18,0,173.215154581235,-0.140215232080891
"Chris",13,"Lower","Hard",0,36,175.669406551937,2.45425197070279
"Chris",14,"Off","",0,0,172.064908895763,-3.60449765617469
"Chris",15,"Off","",0,0,173.621052542033,1.55614364627064
"Chris",16,"Lower","Hard",0,41,170.929168791873,-2.69188375016009
"Chris",17,"Upper","Medium",31,0,172.161968144811,1.23279935293723
"Chris",18,"Total","Hard",31,29,173.856481651165,1.69451350635472
"Chris",19,"Total","Medium",18,19,172.746272759548,-1.11020889161691
"Chris",20,"Lower","Hard",0,38,173.190165200413,0.443892440864602
"Chris",21,"Total","Hard",28,31,173.4350624324,0.244897231986783
"Chris",22,"Total","Medium",21,18,171.136291914791,-2.29877051760826
"Chris",23,"Off","",0,0,173.355683486658,2.21939157186685
"Chris",24,"Total","Hard",30,29,175.25595184946,1.90026836280194
"Chris",25,"Off","",0,0,176.532035917698,1.27608406823734
"Chris",26,"Off","",0,0,175.680535073428,-0.851500844269196
"Chris",27,"Off","",0,0,171.91732231212,-3.76321276130849
"Chris",28,"Total","Hard",32,29,171.65737012712,-0.259952185000344
"Chris",29,"Off","",0,0,176.450657624302,4.7932874971824
"Chris",30,"Upper","Medium",29,0,170.554457887575,-5.89619973672654
"Chris",31,"Upper","Hard",45,0,174.084504801106,3.5300469135303
"Chris",32,"Lower","Easy",0,22,174.41573455102,0.331229749914257
"Chris",33,"Lower","Medium",0,30,174.473246285211,0.0575117341911096
"Chris",34,"Lower","Medium",0,31,177.390837399542,2.91759111433126
"Chris",35,"Off","",0,0,173.619681462171,-3.77115593737093
"Chris",36,"Lower","Easy",0,24,174.40375385949,0.784072397319079
"Chris",37,"Off","",0,0,174.295366562818,-0.10838729667293
"Chris",38,"Off","",0,0,175.702218295777,1.40685173295938
"Chris",39,"Lower","Medium",0,30,176.37407286154,0.671854565763311
"Chris",40,"Lower","Medium",0,29,173.680022463689,-2.69405039785121
"Chris",41,"Off","",0,0,174.402157877103,0.72213541341381
"Chris",42,"Upper","Hard",39,0,177.036432404986,2.63427452788363
"Chris",43,"Off","",0,0,176.233520358267,-0.8029120467192
"Chris",44,"Total","Medium",20,21,174.607451844449,-1.62606851381841
"Chris",45,"Total","Medium",16,22,178.3762963083,3.76884446385117
"Chris",46,"Total","Easy",12,11,174.719914545464,-3.6563817628365
"Chris",47,"Total","Medium",19,21,174.440629535116,-0.279285010347365
"Chris",48,"Upper","Hard",40,0,179.147301066594,4.70667153147795
"Chris",49,"Upper","Easy",19,0,174.380902142861,-4.76639892373265
"Chris",50,"Upper","Medium",28,0,175.880813461205,1.49991131834372
"Chris",51,"Upper","Easy",17,0,175.687652085889,-0.193161375315697
"Chris",52,"Upper","Easy",23,0,181.00311749666,5.31546541077012
"Chris",53,"Off","",0,0,176.912150582101,-4.09096691455886
"Chris",54,"Lower","Easy",0,17,178.760678247774,1.84852766567352
"Chris",55,"Lower","Hard",0,43,177.547444276861,-1.21323397091354
"Chris",56,"Off","",0,0,173.831312387017,-3.71613188984344
"Chris",57,"Upper","Medium",33,0,180.166779355196,6.33546696817911
"Chris",58,"Off","",0,0,178.505974846916,-1.66080450828048
"Chris",59,"Total","Easy",8,13,179.450278836786,0.944303989870406
"Chris",60,"Upper","Easy",20,0,175.592042263674,-3.85823657311238
"Chris",61,"Off","",0,0,178.215225337986,2.62318307431164
"Chris",62,"Lower","Easy",0,19,178.881929048064,0.666703710078622
"Chris",63,"Total","Easy",10,10,184.483765299585,5.60183625152041
"Chris",64,"Upper","Hard",42,0,177.565655502489,-6.91810979709575
"Chris",65,"Total","Hard",29,29,183.347876314858,5.78222081236908
"Chris",66,"Upper","Easy",19,0,178.435870967794,-4.91200534706363
"Chris",67,"Total","Easy",10,8,177.861717501381,-0.574153466413009
"Chris",68,"Lower","Easy",0,20,181.049839327708,3.18812182632684
"Chris",69,"Upper","Easy",23,0,180.596204453309,-0.453634874398773
"Chris",70,"Lower","Medium",0,30,182.469523803935,1.87331935062545
"Chris",71,"Lower","Medium",0,30,188.960319235876,6.49079543194159
"Chris",72,"Total","Easy",9,9,184.283896005109,-4.67642323076763
"Chris",73,"Upper","Easy",20,0,185.69317034785,1.40927434274172
"Chris",74,"Upper","Easy",20,0,182.449647015191,-3.24352333265981
"Chris",75,"Off","",0,0,182.446440868033,-0.0032061471574707
"Chris",76,"Upper","Easy",18,0,187.772056187955,5.32561531992204
"Chris",77,"Lower","Medium",0,30,183.563797640381,-4.20825854757433
"Chris",78,"Lower","Easy",0,20,183.28501430075,-0.278783339631161
"Chris",79,"Total","Medium",18,24,182.685717627254,-0.599296673495786
"Chris",80,"Total","Medium",18,19,181.541030950801,-1.14468667645249
"Chris",81,"Off","",0,0,187.655720338875,6.11468938807312
"Chris",82,"Upper","Hard",40,0,183.719302672988,-3.93641766588701
"Chris",83,"Upper","Easy",19,0,182.761904799575,-0.957397873412475
"Chris",84,"Lower","Medium",0,28,186.490929219039,3.72902441946397
"Chris",85,"Upper","Easy",19,0,184.625656617788,-1.86527260125069
"Chris",86,"Lower","Easy",0,20,184.742457416007,0.116800798218662
"Chris",87,"Lower","Easy",0,20,186.154836719872,1.41237930386538
"Chris",88,"Upper","Easy",20,0,187.373776388779,1.21893966890627
"Chris",89,"Off","",0,0,184.242345301605,-3.13143108717404
"Chris",90,"Off","",0,0,187.625635797541,3.38329049593662
"Donald",1,"Lower","Hard",0,42,160.607385053153,NA
"Donald",2,"Total","Hard",31,31,161.739595935455,1.13221088230139
"Donald",3,"Off","",0,0,161.646712357095,-0.0928835783600164
"Donald",4,"Total","Hard",28,28,160.050303940155,-1.59640841693997
"Donald",5,"Total","Hard",30,28,161.266225510849,1.21592157069421
"Donald",6,"Total","Easy",13,9,158.809183511228,-2.45704199962142
"Donald",7,"Lower","Hard",0,40,155.150229226093,-3.65895428513514
"Donald",8,"Lower","Hard",0,36,158.401722065908,3.25149283981571
"Donald",9,"Total","Easy",12,10,161.557835709836,3.15611364392737
"Donald",10,"Lower","Medium",0,29,160.241718700512,-1.31611700932407
"Donald",11,"Upper","Hard",36,0,158.750858922094,-1.49085977841753
"Donald",12,"Off","",0,0,155.988426243005,-2.76243267908885
"Donald",13,"Total","Medium",19,18,157.333456207824,1.34502996481845
"Donald",14,"Upper","Easy",20,0,159.163959971074,1.8305037632505
"Donald",15,"Lower","Hard",0,41,155.73847504516,-3.42548492591462
"Donald",16,"Upper","Medium",27,0,155.723330353871,-0.0151446912889242
"Donald",17,"Lower","Medium",0,29,155.214747745436,-0.508582608434978
"Donald",18,"Off","",0,0,155.955637001584,0.740889256148307
"Donald",19,"Upper","Hard",42,0,154.292897712224,-1.66273928935942
"Donald",20,"Lower","Easy",0,19,159.764289989074,5.47139227684923
"Donald",21,"Off","",0,0,153.789675217123,-5.97461477195114
"Donald",22,"Upper","Easy",21,0,155.033423055569,1.24374783844604
"Donald",23,"Lower","Hard",0,42,157.670945488204,2.63752243263539
"Donald",24,"Lower","Hard",0,43,159.575491061535,1.90454557333095
"Donald",25,"Total","Medium",23,18,155.91074872743,-3.66474233410517
"Donald",26,"Total","Easy",12,8,155.388626249003,-0.522122478426468
"Donald",27,"Upper","Easy",20,0,160.039038383756,4.6504121347524
"Donald",28,"Upper","Medium",30,0,158.303325449036,-1.7357129347198
"Donald",29,"Upper","Medium",30,0,155.614450986063,-2.68887446297285
"Donald",30,"Off","",0,0,156.978402016992,1.3639510309286
"Donald",31,"Upper","Medium",29,0,152.31491600302,-4.66348601397209
"Donald",32,"Lower","Medium",0,34,158.765992540155,6.45107653713495
"Donald",33,"Lower","Hard",0,41,158.426279920327,-0.339712619827253
"Donald",34,"Upper","Hard",39,0,159.599076425026,1.17279650469834
"Donald",35,"Off","",0,0,157.127768289604,-2.47130813542179
"Donald",36,"Upper","Medium",30,0,159.336906977116,2.20913868751231
"Donald",37,"Upper","Medium",30,0,153.522446492875,-5.81446048424164
"Donald",38,"Total","Easy",12,12,158.710708809741,5.1882623168664
"Donald",39,"Total","Easy",10,8,157.855821306468,-0.854887503273176
"Donald",40,"Total","Hard",31,30,158.844873585188,0.989052278719925
"Donald",41,"Total","Medium",19,19,161.970545394479,3.12567180929179
"Donald",42,"Lower","Medium",0,32,159.901111364775,-2.0694340297045
"Donald",43,"Total","Easy",8,13,160.835234933401,0.934123568626518
"Donald",44,"Lower","Hard",0,39,158.175549263956,-2.65968566944554
"Donald",45,"Lower","Easy",0,21,159.06199069479,0.886441430834367
"Donald",46,"Lower","Easy",0,18,158.168486916588,-0.893503778202643
"Donald",47,"Total","Medium",24,20,161.175597795222,3.00711087863459
"Donald",48,"Total","Hard",32,30,164.420398670109,3.24480087488635
"Donald",49,"Lower","Hard",0,40,159.655286012363,-4.7651126577459
"Donald",50,"Lower","Easy",0,19,163.430296615215,3.77501060285212
"Donald",51,"Off","",0,0,162.786091802764,-0.64420481245034
"Donald",52,"Off","",0,0,164.652849134299,1.86675733153419
"Donald",53,"Lower","Easy",0,21,161.920173062377,-2.73267607192216
"Donald",54,"Lower","Easy",0,17,159.022989885505,-2.89718317687138
"Donald",55,"Off","",0,0,162.185115528089,3.16212564258342
"Donald",56,"Upper","Hard",40,0,161.167838013925,-1.01727751416337
"Donald",57,"Off","",0,0,163.212243286561,2.04440527263591
"Donald",58,"Lower","Medium",0,29,161.371384933451,-1.84085835311004
"Donald",59,"Lower","Medium",0,31,161.190544374463,-0.180840558988081
"Donald",60,"Upper","Medium",33,0,163.140547121909,1.95000274744589
"Donald",61,"Upper","Medium",32,0,160.814871969962,-2.32567515194722
"Donald",62,"Off","",0,0,165.313239848549,4.49836787858754
"Donald",63,"Lower","Hard",0,39,163.647471736287,-1.6657681122619
"Donald",64,"Total","Easy",9,10,165.754533766438,2.10706203015093
"Donald",65,"Upper","Easy",18,0,168.768624077501,3.01409031106229
"Donald",66,"Total","Hard",31,27,164.034434497208,-4.73418958029251
"Donald",67,"Off","",0,0,164.574978297904,0.540543800695559
"Donald",68,"Total","Medium",20,19,162.69475614537,-1.88022215253355
"Donald",69,"Off","",0,0,167.203898180813,4.50914203544306
"Donald",70,"Lower","Medium",0,31,166.645669543175,-0.558228637638422
"Donald",71,"Off","",0,0,168.153866999713,1.50819745653794
"Donald",72,"Lower","Medium",0,29,163.235190179073,-4.91867682064003
"Donald",73,"Total","Medium",16,19,166.337186855471,3.1019966763981
"Donald",74,"Lower","Medium",0,29,168.115957315267,1.77877045979639
"Donald",75,"Off","",0,0,169.086313856516,0.970356541248947
"Donald",76,"Upper","Easy",21,0,162.914921055771,-6.17139280074531
"Donald",77,"Total","Hard",34,35,164.053672378558,1.13875132278682
"Donald",78,"Total","Medium",19,20,167.892995228479,3.83932284992116
"Donald",79,"Upper","Easy",18,0,164.938289036391,-2.95470619208817
"Donald",80,"Off","",0,0,165.885862940327,0.947573903936188
"Donald",81,"Off","",0,0,165.901989616455,0.0161266761284651
"Donald",82,"Total","Easy",9,7,160.546988518701,-5.3550010977537
"Donald",83,"Total","Hard",29,28,165.66986024703,5.12287172832805
"Donald",84,"Lower","Easy",0,20,167.768447774622,2.09858752759271
"Donald",85,"Upper","Medium",30,0,167.219622877139,-0.548824897482774
"Donald",86,"Upper","Medium",30,0,169.363983277821,2.14436040068148
"Donald",87,"Off","",0,0,167.445562602054,-1.91842067576712
"Donald",88,"Lower","Medium",0,29,169.493491995958,2.04792939390464
"Donald",89,"Upper","Hard",42,0,166.755307159412,-2.73818483654676
"Donald",90,"Total","Hard",30,30,168.312132594629,1.55682543521749
"George",1,"Upper","Medium",29,0,180.140444142949,NA
"George",2,"Upper","Easy",17,0,183.45087986964,3.31043572669071
"George",3,"Upper","Medium",29,0,182.220273821741,-1.23060604789893
"George",4,"Total","Hard",30,31,179.501740643211,-2.71853317853009
"George",5,"Upper","Hard",42,0,178.560075319425,-0.941665323786026
"George",6,"Off","",0,0,178.587998956511,0.0279236370860474
"George",7,"Off","",0,0,179.176907123268,0.588908166757534
"George",8,"Off","",0,0,181.528508524244,2.35160140097562
"George",9,"Lower","Medium",0,31,180.852756267451,-0.675752256793061
"George",10,"Off","",0,0,179.232370862838,-1.62038540461245
"George",11,"Off","",0,0,179.240976184873,0.0086053220345832
"George",12,"Total","Hard",31,30,176.521693467955,-2.71928271691763
"George",13,"Total","Hard",28,30,180.293104867995,3.77141140003963
"George",14,"Off","",0,0,178.191127577801,-2.10197729019413
"George",15,"Lower","Hard",0,41,178.961337623493,0.770210045692608
"George",16,"Upper","Hard",36,0,176.343677038537,-2.61766058495658
"George",17,"Lower","Easy",0,19,176.911556824818,0.567879786281395
"George",18,"Off","",0,0,177.953948842807,1.04239201798893
"George",19,"Total","Easy",9,11,178.606212395134,0.652263552326701
"George",20,"Upper","Easy",18,0,179.94253878321,1.33632638807572
"George",21,"Upper","Medium",32,0,177.99453887617,-1.94799990703962
"George",22,"Total","Medium",21,16,180.395418752676,2.40087987650614
"George",23,"Total","Hard",30,30,180.6362265739,0.240807821224081
"George",24,"Lower","Hard",0,40,178.909024668995,-1.72720190490497
"George",25,"Total","Easy",11,8,178.587518192761,-0.321506476233964
"George",26,"Lower","Easy",0,19,179.266084716148,0.678566523387047
"George",27,"Total","Easy",10,13,178.554306736862,-0.711777979286097
"George",28,"Off","",0,0,180.527330763247,1.97302402638471
"George",29,"Lower","Hard",0,42,180.326033747151,-0.201297016096049
"George",30,"Lower","Medium",0,27,179.07596301178,-1.25007073537125
"George",31,"Off","",0,0,179.29291507025,0.216952058470582
"George",32,"Off","",0,0,183.694408058243,4.40149298799233
"George",33,"Total","Hard",27,34,181.176337391687,-2.51807066655547
"George",34,"Upper","Easy",22,0,181.070793054176,-0.105544337511418
"George",35,"Total","Hard",30,31,179.266306141022,-1.80448691315323
"George",36,"Lower","Medium",0,28,180.166506013694,0.900199872671948
"George",37,"Lower","Easy",0,23,177.46791906619,-2.69858694750423
"George",38,"Upper","Easy",19,0,180.499030824451,3.03111175826066
"George",39,"Upper","Hard",43,0,180.396727421183,-0.102303403268081
"George",40,"Off","",0,0,179.782819323085,-0.613908098097795
"George",41,"Total","Hard",29,34,179.095712578335,-0.687106744749542
"George",42,"Off","",0,0,180.274541928735,1.17882935039998
"George",43,"Upper","Medium",29,0,179.093382134901,-1.18115979383438
"George",44,"Upper","Easy",20,0,182.263588096477,3.17020596157602
"George",45,"Total","Medium",20,20,183.476379812442,1.21279171596515
"George",46,"Off","",0,0,179.835685371259,-3.64069444118346
"George",47,"Off","",0,0,180.485513959587,0.649828588328575
"George",48,"Lower","Hard",0,41,180.560449471599,0.074935512011308
"George",49,"Upper","Hard",39,0,181.811713758681,1.25126428708222
"George",50,"Total","Medium",21,21,180.502524933266,-1.30918882541474
"George",51,"Total","Easy",13,10,181.008645112404,0.506120179138236
"George",52,"Lower","Hard",0,44,182.468116420752,1.4594713083479
"George",53,"Lower","Easy",0,21,185.645028021276,3.17691160052388
"George",54,"Lower","Medium",0,30,179.049237299384,-6.59579072189194
"George",55,"Lower","Easy",0,21,181.171914940549,2.12267764116447
"George",56,"Upper","Medium",31,0,184.667813291119,3.49589835057063
"George",57,"Total","Medium",21,20,184.965082179677,0.297268888557539
"George",58,"Off","",0,0,179.809355732201,-5.15572644747616
"George",59,"Off","",0,0,184.347198797633,4.53784306543267
"George",60,"Lower","Easy",0,17,183.471669522168,-0.875529275465709
"George",61,"Lower","Medium",0,27,187.02019168905,3.54852216688258
"George",62,"Lower","Medium",0,25,184.466814137633,-2.55337755141673
"George",63,"Off","",0,0,186.443658360531,1.97684422289734
"George",64,"Lower","Hard",0,40,187.115634488983,0.671976128452201
"George",65,"Upper","Medium",33,0,186.793394314541,-0.322240174441959
"George",66,"Upper","Medium",29,0,184.009549026012,-2.78384528852894
"George",67,"Lower","Easy",0,23,185.715960865289,1.70641183927734
"George",68,"Total","Hard",28,28,184.93164769677,-0.784313168519645
"George",69,"Upper","Medium",31,0,184.923736956523,-0.00791074024692762
"George",70,"Total","Easy",13,7,189.398168419722,4.47443146319961
"George",71,"Upper","Hard",39,0,187.299239145652,-2.09892927407003
"George",72,"Upper","Medium",29,0,186.085399262614,-1.2138398830387
"George",73,"Upper","Medium",28,0,185.425222272204,-0.660176990409298
"George",74,"Upper","Hard",37,0,186.595102302321,1.1698800301167
"George",75,"Off","",0,0,187.009841537852,0.414739235531101
"George",76,"Total","Medium",19,19,185.821196739854,-1.18864479799808
"George",77,"Off","",0,0,186.663233915113,0.842037175258753
"George",78,"Upper","Hard",42,0,187.240902997875,0.577669082762355
"George",79,"Lower","Medium",0,31,185.792016194988,-1.44888680288685
"George",80,"Upper","Hard",42,0,188.726543021536,2.93452682654726
"George",81,"Off","",0,0,187.924168997485,-0.802374024050351
"George",82,"Total","Medium",21,21,191.20116141513,3.27699241764461
"George",83,"Upper","Hard",41,0,186.447677869415,-4.75348354571517
"George",84,"Total","Medium",19,21,187.708580371861,1.26090250244627
"George",85,"Total","Easy",9,9,187.8814315368,0.172851164939345
"George",86,"Lower","Easy",0,21,189.966182302321,2.08475076552108
"George",87,"Upper","Hard",39,0,189.641162555129,-0.325019747192556
"George",88,"Total","Hard",25,29,190.136218495018,0.495055939889113
"George",89,"Off","",0,0,189.590234934322,-0.545983560695902
"George",90,"Total","Easy",13,10,190.00864290176,0.41840796743756
"John",1,"Upper","Easy",22,0,153.032335845432,NA
"John",2,"Lower","Easy",0,17,148.896689933581,-4.13564591185121
"John",3,"Upper","Easy",19,0,151.185786455768,2.28909652218712
"John",4,"Upper","Medium",32,0,147.000688744428,-4.18509771133967
"John",5,"Off","",0,0,146.822102759753,-0.178585984674697
"John",6,"Total","Hard",30,30,147.680355730685,0.858252970931829
"John",7,"Off","",0,0,151.686438592505,4.00608286181972
"John",8,"Off","",0,0,153.049929137209,1.36349054470361
"John",9,"Lower","Medium",0,27,149.042801834068,-4.00712730314021
"John",10,"Upper","Easy",22,0,146.352042048902,-2.69075978516588
"John",11,"Upper","Medium",33,0,149.925209771766,3.57316772286362
"John",12,"Lower","Hard",0,38,149.817796126316,-0.107413645450066
"John",13,"Upper","Easy",22,0,148.641206125242,-1.17659000107423
"John",14,"Off","",0,0,149.875443429403,1.23423730416127
"John",15,"Lower","Hard",0,37,144.912163221566,-4.9632802078369
"John",16,"Upper","Medium",29,0,147.948084111747,3.03592089018059
"John",17,"Off","",0,0,146.529307955569,-1.4187761561781
"John",18,"Upper","Medium",29,0,146.41052491288,-0.118783042688591
"John",19,"Upper","Easy",19,0,149.394930504698,2.98440559181776
"John",20,"Off","",0,0,149.146354809003,-0.248575695695081
"John",21,"Upper","Easy",17,0,146.535829373396,-2.61052543560666
"John",22,"Off","",0,0,148.032187621359,1.49635824796323
"John",23,"Off","",0,0,147.50727388164,-0.524913739719068
"John",24,"Lower","Easy",0,20,149.715753475622,2.20847959398196
"John",25,"Off","",0,0,149.234840372876,-0.480913102746314
"John",26,"Upper","Easy",20,0,147.33315654168,-1.90168383119556
"John",27,"Off","",0,0,151.423740728556,4.09058418687565
"John",28,"Off","",0,0,146.433893783056,-4.98984694549995
"John",29,"Total","Hard",30,31,150.220943674206,3.78704989115025
"John",30,"Lower","Hard",0,40,150.699625601306,0.478681927099302
"John",31,"Total","Hard",34,29,145.750202670063,-4.94942293124274
"John",32,"Lower","Medium",0,29,150.000162851546,4.24996018148326
"John",33,"Upper","Easy",21,0,149.287939346567,-0.712223504978795
"John",34,"Off","",0,0,148.439467423678,-0.848471922889189
"John",35,"Total","Hard",31,29,150.344248921395,1.90478149771661
"John",36,"Lower","Medium",0,33,152.892761196738,2.54851227534328
"John",37,"Total","Easy",7,14,150.361872853644,-2.53088834309438
"John",38,"Off","",0,0,152.18128741064,1.81941455699604
"John",39,"Off","",0,0,153.1514728815,0.97018547085986
"John",40,"Upper","Medium",31,0,150.087228114801,-3.06424476669864
"John",41,"Lower","Medium",0,30,153.963111804959,3.87588369015813
"John",42,"Upper","Hard",40,0,151.92762951217,-2.03548229278911
"John",43,"Lower","Easy",0,16,147.009769760384,-4.9178597517859
"John",44,"Total","Hard",31,34,147.788608918586,0.778839158201805
"John",45,"Lower","Medium",0,28,152.521140555863,4.73253163727719
"John",46,"Lower","Medium",0,26,155.077485450694,2.55634489483103
"John",47,"Off","",0,0,153.782682750456,-1.29480270023853
"John",48,"Off","",0,0,151.435796889409,-2.34688586104625
"John",49,"Upper","Medium",30,0,152.176540886023,0.740743996613844
"John",50,"Off","",0,0,152.738166841702,0.561625955679148
"John",51,"Upper","Medium",28,0,150.520003519393,-2.21816332230898
"John",52,"Upper","Easy",19,0,153.92899639128,3.40899287188643
"John",53,"Off","",0,0,156.152991466705,2.22399507542576
"John",54,"Off","",0,0,154.976178423263,-1.176813043442
"John",55,"Off","",0,0,150.988934062635,-3.98724436062867
"John",56,"Off","",0,0,151.909252694581,0.920318631946429
"John",57,"Off","",0,0,158.85895444425,6.94970174966858
"John",58,"Lower","Hard",0,44,155.426139717978,-3.43281472627157
"John",59,"Total","Easy",10,12,158.028799541978,2.60265982399963
"John",60,"Total","Medium",23,18,154.285285697572,-3.74351384440629
"John",61,"Upper","Hard",39,0,154.89452616781,0.609240470238831
"John",62,"Off","",0,0,154.330704473145,-0.563821694665648
"John",63,"Lower","Medium",0,28,155.624957186905,1.29425271376064
"John",64,"Lower","Easy",0,19,155.727011190099,0.102054003193672
"John",65,"Off","",0,0,157.513583243888,1.7865720537886
"John",66,"Off","",0,0,156.458931554007,-1.05465168988115
"John",67,"Total","Medium",17,19,157.732541702112,1.27361014810594
"John",68,"Off","",0,0,151.890628048175,-5.84191365393704
"John",69,"Off","",0,0,157.663150695552,5.77252264737609
"John",70,"Upper","Hard",42,0,160.40312089104,2.73997019548852
"John",71,"Off","",0,0,155.47592532071,-4.92719557033001
"John",72,"Lower","Hard",0,42,154.9726723091,-0.503253011609758
"John",73,"Off","",0,0,157.213845214599,2.24117290549893
"John",74,"Total","Hard",27,35,158.197984356533,0.984139141933355
"John",75,"Total","Hard",28,31,155.060536861357,-3.13744749517519
"John",76,"Lower","Easy",0,22,162.116428282323,7.05589142096542
"John",77,"Upper","Hard",36,0,158.52692517062,-3.58950311170278
"John",78,"Upper","Medium",30,0,161.572514459945,3.04558928932539
"John",79,"Lower","Easy",0,21,157.778840780858,-3.79367367908716
"John",80,"Upper","Easy",18,0,162.673871573014,4.89503079215586
"John",81,"Lower","Hard",0,38,160.163825438173,-2.51004613484142
"John",82,"Total","Easy",9,10,156.03192333981,-4.13190209836264
"John",83,"Total","Easy",11,8,153.496532398443,-2.5353909413671
"John",84,"Off","",0,0,159.903643237685,6.40711083924208
"John",85,"Off","",0,0,159.219543118438,-0.684100119247461
"John",86,"Upper","Hard",40,0,160.581167931069,1.36162481263159
"John",87,"Off","",0,0,164.42401883023,3.84285089916065
"John",88,"Lower","Medium",0,30,162.74447191034,-1.67954691988959
"John",89,"Off","",0,0,156.555504442933,-6.18896746740765
"John",90,"Upper","Medium",31,0,159.208325189568,2.65282074663506
"Mark",1,"Total","Hard",30,30,122.159503740686,NA
"Mark",2,"Off","",0,0,121.535050041402,-0.624453699283862
"Mark",3,"Total","Easy",11,8,125.84157325327,4.30652321186768
"Mark",4,"Lower","Hard",0,41,126.512588342905,0.671015089634707
"Mark",5,"Lower","Medium",0,30,136.326107813143,9.81351947023845
"Mark",6,"Lower","Easy",0,25,134.666397971408,-1.65970984173472
"Mark",7,"Lower","Hard",0,39,135.544569275632,0.878171304223883
"Mark",8,"Lower","Medium",0,33,135.489169895467,-0.0553993801657668
"Mark",9,"Upper","Hard",41,0,133.129907092676,-2.35926280279082
"Mark",10,"Lower","Easy",0,16,138.048927481803,4.91902038912693
"Mark",11,"Off","",0,0,137.121391221328,-0.927536260474454
"Mark",12,"Lower","Hard",0,42,136.886765399793,-0.234625821535246
"Mark",13,"Off","",0,0,136.023833382129,-0.862932017664008
"Mark",14,"Lower","Easy",0,21,140.007700423355,3.98386704122575
"Mark",15,"Lower","Medium",0,29,138.604713068728,-1.40298735462679
"Mark",16,"Total","Easy",12,11,139.4391138527,0.834400783972342
"Mark",17,"Upper","Medium",33,0,134.96883198405,-4.4702818686506
"Mark",18,"Lower","Easy",0,24,137.095018991451,2.12618700740086
"Mark",19,"Lower","Hard",0,41,142.968959535641,5.8739405441903
"Mark",20,"Upper","Hard",37,0,140.751594557943,-2.21736497769783
"Mark",21,"Upper","Easy",21,0,142.104116374462,1.35252181651916
"Mark",22,"Upper","Hard",38,0,139.866340997121,-2.23777537734145
"Mark",23,"Lower","Medium",0,29,140.218021061274,0.351680064153783
"Mark",24,"Total","Easy",9,8,142.110490825605,1.89246976433026
"Mark",25,"Lower","Hard",0,40,142.435751769459,0.32526094385409
"Mark",26,"Off","",0,0,140.610442803325,-1.82530896613369
"Mark",27,"Upper","Easy",22,0,144.415083470995,3.80464066767033
"Mark",28,"Lower","Medium",0,29,141.488630893894,-2.9264525771014
"Mark",29,"Off","",0,0,141.736940957189,0.24831006329461
"Mark",30,"Off","",0,0,143.867931386429,2.13099042923986
"Mark",31,"Lower","Medium",0,29,142.14289628827,-1.72503509815874
"Mark",32,"Total","Hard",33,28,143.412039336029,1.26914304775892
"Mark",33,"Total","Hard",30,31,140.46393101072,-2.94810832530874
"Mark",34,"Lower","Easy",0,23,144.872800810716,4.4088697999959
"Mark",35,"Lower","Hard",0,43,145.747283574202,0.874482763486355
"Mark",36,"Off","",0,0,145.982716089866,0.235432515664201
"Mark",37,"Upper","Easy",21,0,144.035641371261,-1.94707471860534
"Mark",38,"Upper","Medium",32,0,146.399896613296,2.36425524203477
"Mark",39,"Total","Hard",28,31,145.713603853297,-0.686292759998963
"Mark",40,"Off","",0,0,144.166645305331,-1.5469585479664
"Mark",41,"Off","",0,0,145.761406440249,1.59476113491866
"Mark",42,"Upper","Easy",20,0,149.206437282718,3.44503084246878
"Mark",43,"Total","Easy",10,9,148.253672044459,-0.952765238258706
"Mark",44,"Lower","Easy",0,19,145.66924038205,-2.58443166240951
"Mark",45,"Lower","Hard",0,43,143.538150015899,-2.13109036615083
"Mark",46,"Upper","Medium",29,0,144.577039274169,1.03888925826988
"Mark",47,"Lower","Hard",0,42,145.68618391275,1.10914463858083
"Mark",48,"Lower","Hard",0,43,146.86449300769,1.17830909494015
"Mark",49,"Lower","Medium",0,30,146.903166403799,0.038673396109516
"Mark",50,"Upper","Hard",40,0,146.787253421139,-0.115912982660603
"Mark",51,"Total","Easy",9,6,149.838045817911,3.05079239677244
"Mark",52,"Upper","Medium",29,0,143.744205366014,-6.09384045189745
"Mark",53,"Upper","Hard",42,0,145.850084634513,2.10587926849951
"Mark",54,"Upper","Medium",31,0,149.040862595072,3.19077796055859
"Mark",55,"Total","Medium",16,20,148.795566229117,-0.245296365954857
"Mark",56,"Off","",0,0,151.360006233025,2.56444000390846
"Mark",57,"Upper","Medium",29,0,147.369476809711,-3.99052942331465
"Mark",58,"Upper","Medium",31,0,148.891363308782,1.52188649907168
"Mark",59,"Off","",0,0,149.021937022776,0.130573713993186
"Mark",60,"Total","Hard",29,32,149.57939425246,0.557457229684644
"Mark",61,"Total","Hard",27,29,148.022377086226,-1.55701716623454
"Mark",62,"Total","Medium",20,20,148.983027540893,0.960650454667388
"Mark",63,"Upper","Hard",41,0,148.816113239758,-0.166914301134767
"Mark",64,"Total","Hard",33,32,148.312254082605,-0.503859157153443
"Mark",65,"Total","Medium",23,18,152.418274155515,4.10602007290987
"Mark",66,"Off","",0,0,151.641467146604,-0.776807008910822
"Mark",67,"Lower","Medium",0,30,149.310926203445,-2.33054094315918
"Mark",68,"Total","Easy",8,9,148.353356601449,-0.957569601995999
"Mark",69,"Total","Medium",21,23,151.196617343055,2.84326074160643
"Mark",70,"Total","Medium",23,17,150.486479145533,-0.710138197522099
"Mark",71,"Total","Hard",30,28,150.942800074502,0.456320928968978
"Mark",72,"Total","Medium",21,22,154.379544178837,3.43674410433508
"Mark",73,"Lower","Medium",0,29,150.993115036752,-3.38642914208492
"Mark",74,"Upper","Medium",32,0,153.25300782916,2.25989279240815
"Mark",75,"Lower","Easy",0,20,154.93084809248,1.67784026331961
"Mark",76,"Total","Easy",10,8,153.461521369501,-1.46932672297939
"Mark",77,"Total","Medium",19,21,156.020629738119,2.55910836861892
"Mark",78,"Upper","Medium",28,0,152.807613461004,-3.21301627711509
"Mark",79,"Off","",0,0,153.665818014649,0.858204553644924
"Mark",80,"Upper","Medium",29,0,153.415202817418,-0.250615197231014
"Mark",81,"Lower","Hard",0,42,155.926083401545,2.51088058412654
"Mark",82,"Off","",0,0,153.065720108924,-2.86036329262069
"Mark",83,"Upper","Medium",33,0,154.644127428,1.57840731907564
"Mark",84,"Off","",0,0,156.728252252983,2.0841248249836
"Mark",85,"Upper","Easy",20,0,156.31093503996,-0.417317213023011
"Mark",86,"Total","Easy",8,11,158.803628506306,2.49269346634568
"Mark",87,"Upper","Medium",28,0,157.744516291828,-1.05911221447784
"Mark",88,"Total","Hard",29,29,158.890893321273,1.14637702944518
"Mark",89,"Off","",0,0,160.174269593983,1.2833762727094
"Mark",90,"Upper","Hard",37,0,160.791197685114,0.616928091130688
"Mike",1,"Total","Easy",11,12,254.177172264026,NA
"Mike",2,"Total","Easy",11,12,249.411326037591,-4.76584622643514
"Mike",3,"Off","",0,0,251.842659269888,2.43133323229688
"Mike",4,"Upper","Medium",29,0,254.332347732063,2.48968846217545
"Mike",5,"Off","",0,0,255.938748272682,1.60640054061847
"Mike",6,"Total","Easy",11,7,253.621621495136,-2.31712677754615
"Mike",7,"Total","Hard",27,29,259.647857974929,6.02623647979348
"Mike",8,"Upper","Easy",20,0,260.870917957677,1.22305998274754
"Mike",9,"Upper","Medium",28,0,260.768615718711,-0.102302238965819
"Mike",10,"Lower","Hard",0,41,260.64006733513,-0.128548383581176
"Mike",11,"Lower","Easy",0,17,261.710910009701,1.07084267457117
"Mike",12,"Lower","Easy",0,21,261.681113255677,-0.0297967540242894
"Mike",13,"Upper","Hard",37,0,267.405498358111,5.72438510243467
"Mike",14,"Lower","Hard",0,42,265.439452258449,-1.96604609966266
"Mike",15,"Lower","Easy",0,18,267.164838145562,1.72538588711359
"Mike",16,"Lower","Hard",0,43,265.160007897102,-2.00483024846
"Mike",17,"Upper","Easy",20,0,266.57573111742,1.41572322031777
"Mike",18,"Upper","Hard",40,0,268.063617479131,1.48788636171076
"Mike",19,"Total","Hard",30,31,270.926879517489,2.86326203835841
"Mike",20,"Upper","Hard",37,0,266.463643698216,-4.46323581927328
"Mike",21,"Total","Easy",12,9,266.598321397817,0.134677699600843
"Mike",22,"Off","",0,0,273.004007304276,6.40568590645933
"Mike",23,"Upper","Easy",20,0,269.240850933818,-3.76315637045769
"Mike",24,"Lower","Easy",0,17,270.743232766418,1.5023818325995
"Mike",25,"Lower","Hard",0,42,270.035058171654,-0.708174594763989
"Mike",26,"Lower","Easy",0,20,272.738009672381,2.70295150072729
"Mike",27,"Lower","Medium",0,28,271.317257934626,-1.42075173775544
"Mike",28,"Off","",0,0,273.20503429538,1.88777636075378
"Mike",29,"Total","Hard",31,30,275.174463212748,1.96942891736848
"Mike",30,"Lower","Easy",0,20,273.753817701947,-1.42064551080142
"Mike",31,"Off","",0,0,274.404782607375,0.650964905428737
"Mike",32,"Upper","Easy",19,0,272.742151661092,-1.66263094628351
"Mike",33,"Upper","Easy",17,0,276.769316623066,4.02716496197371
"Mike",34,"Upper","Medium",31,0,274.051196366095,-2.71812025697045
"Mike",35,"Upper","Hard",39,0,270.763625754792,-3.28757061130335
"Mike",36,"Total","Hard",29,31,277.094867598007,6.33124184321514
"Mike",37,"Upper","Medium",32,0,279.87660540457,2.78173780656334
"Mike",38,"Total","Easy",14,14,275.113732122357,-4.76287328221326
"Mike",39,"Off","",0,0,275.990770685384,0.877038563027099
"Mike",40,"Total","Medium",19,18,275.230823307824,-0.759947377560195
"Mike",41,"Upper","Hard",37,0,281.923310384587,6.6924870767636
"Mike",42,"Off","",0,0,278.217242241359,-3.70606814322826
"Mike",43,"Total","Medium",18,19,277.770773013273,-0.446469228085789
"Mike",44,"Lower","Hard",0,37,278.595066734753,0.824293721479705
"Mike",45,"Total","Hard",28,31,280.840171911074,2.24510517632046
"Mike",46,"Off","",0,0,279.15505705482,-1.68511485625322
"Mike",47,"Upper","Medium",30,0,282.010348880384,2.85529182556314
"Mike",48,"Lower","Easy",0,22,280.133219715416,-1.87712916496719
"Mike",49,"Lower","Easy",0,25,284.969775211216,4.83655549579919
"Mike",50,"Lower","Easy",0,17,280.266936132518,-4.70283907869782
"Mike",51,"Upper","Hard",37,0,282.02384126321,1.75690513069213
"Mike",52,"Lower","Hard",0,39,280.11808657851,-1.90575468470013
"Mike",53,"Upper","Easy",20,0,280.594229955939,0.476143377429139
"Mike",54,"Total","Easy",9,13,283.215217380598,2.62098742465884
"Mike",55,"Off","",0,0,286.371786656847,3.15656927624889
"Mike",56,"Off","",0,0,283.199522431594,-3.17226422525238
"Mike",57,"Lower","Hard",0,41,281.379187833594,-1.8203345980005
"Mike",58,"Off","",0,0,286.430349209523,5.05116137592955
"Mike",59,"Upper","Hard",40,0,288.644183019279,2.21383380975539
"Mike",60,"Off","",0,0,283.825679270143,-4.81850374913557
"Mike",61,"Lower","Medium",0,30,284.799197344859,0.973518074715571
"Mike",62,"Off","",0,0,286.887086202646,2.08788885778768
"Mike",63,"Lower","Hard",0,38,288.734097760921,1.84701155827486
"Mike",64,"Lower","Hard",0,38,285.020437478242,-3.7136602826788
"Mike",65,"Lower","Medium",0,29,286.128608041773,1.10817056353079
"Mike",66,"Total","Medium",19,21,282.761191350754,-3.36741669101878
"Mike",67,"Off","",0,0,284.135550727618,1.37435937686377
"Mike",68,"Upper","Hard",40,0,287.324258331868,3.18870760425023
"Mike",69,"Total","Medium",20,21,287.492636405957,0.168378074088594
"Mike",70,"Lower","Medium",0,32,288.42914451196,0.936508106003373
"Mike",71,"Off","",0,0,284.589615242299,-3.83952926966128
"Mike",72,"Upper","Medium",31,0,289.787205442686,5.19759020038674
"Mike",73,"Total","Medium",22,21,285.338261476017,-4.44894396666865
"Mike",74,"Total","Easy",9,7,292.930369556517,7.59210808050005
"Mike",75,"Total","Hard",27,31,285.84094028443,-7.08942927208722
"Mike",76,"Total","Medium",21,19,287.74562801282,1.90468772838955
"Mike",77,"Lower","Hard",0,40,286.65315028787,-1.09247772494996
"Mike",78,"Total","Easy",10,10,290.440661648419,3.78751136054905
"Mike",79,"Lower","Hard",0,37,283.865448980668,-6.57521266775035
"Mike",80,"Upper","Hard",40,0,291.32060394112,7.4551549604513
"Mike",81,"Total","Medium",23,20,291.063949963051,-0.25665397806813
"Mike",82,"Upper","Medium",30,0,288.749310002383,-2.31463996066822
"Mike",83,"Upper","Easy",19,0,288.090595542892,-0.658714459491136
"Mike",84,"Total","Easy",10,11,290.210620098321,2.12002455542876
"Mike",85,"Upper","Medium",27,0,290.999390902069,0.788770803748662
"Mike",86,"Total","Easy",10,11,286.45013682977,-4.54925407229962
"Mike",87,"Lower","Hard",0,38,292.121884996251,5.67174816648111
"Mike",88,"Total","Medium",20,18,287.574881367767,-4.54700362848394
"Mike",89,"Total","Medium",19,19,293.009731244145,5.43484987637828
"Mike",90,"Total","Medium",22,18,291.84622581699,-1.16350542715497
"Thomas",1,"Upper","Medium",33,0,137.326456533697,NA
"Thomas",2,"Upper","Hard",40,0,142.717610342072,5.39115380837515
"Thomas",3,"Off","",0,0,138.141867834542,-4.57574250753018
"Thomas",4,"Total","Medium",19,21,138.123089957615,-0.0187778769268903
"Thomas",5,"Total","Medium",23,19,137.545790384019,-0.577299573596264
"Thomas",6,"Lower","Medium",0,27,136.190684334379,-1.35510604963969
"Thomas",7,"Off","",0,0,137.336467463356,1.1457831289772
"Thomas",8,"Lower","Hard",0,41,137.454761752771,0.118294289414422
"Thomas",9,"Upper","Medium",31,0,140.637813257083,3.18305150431257
"Thomas",10,"Total","Medium",20,17,137.594591950406,-3.04322130667691
"Thomas",11,"Upper","Medium",28,0,133.052117477357,-4.54247447304883
"Thomas",12,"Total","Medium",20,22,136.111871770725,3.05975429336723
"Thomas",13,"Lower","Medium",0,32,138.77861015807,2.6667383873453
"Thomas",14,"Lower","Easy",0,20,135.74739127566,-3.03121888240941
"Thomas",15,"Upper","Medium",32,0,132.193580799521,-3.55381047613977
"Thomas",16,"Upper","Easy",17,0,132.84050614187,0.646925342349192
"Thomas",17,"Lower","Hard",0,43,134.000065035227,1.15955889335669
"Thomas",18,"Upper","Hard",39,0,132.73276908525,-1.26729594997687
"Thomas",19,"Off","",0,0,131.819100134709,-0.913668950540966
"Thomas",20,"Lower","Medium",0,31,133.263994832842,1.44489469813286
"Thomas",21,"Total","Medium",19,22,137.681921030898,4.41792619805685
"Thomas",22,"Total","Medium",24,18,132.475216743546,-5.20670428735255
"Thomas",23,"Off","",0,0,133.918093921049,1.44287717750325
"Thomas",24,"Off","",0,0,130.966985950531,-2.95110797051831
"Thomas",25,"Total","Easy",10,7,133.153064064943,2.18607811441194
"Thomas",26,"Lower","Hard",0,42,134.433529428669,1.28046536372662
"Thomas",27,"Off","",0,0,136.983883130216,2.5503537015471
"Thomas",28,"Off","",0,0,134.181290319894,-2.80259281032275
"Thomas",29,"Lower","Medium",0,31,133.54544519757,-0.635845122324127
"Thomas",30,"Off","",0,0,135.450676364369,1.90523116679958
"Thomas",31,"Upper","Medium",28,0,136.119073000645,0.6683966362761
"Thomas",32,"Upper","Easy",18,0,135.992672131157,-0.126400869488407
"Thomas",33,"Total","Medium",21,21,136.201717486734,0.209045355576876
"Thomas",34,"Lower","Easy",0,17,138.189600970807,1.98788348407285
"Thomas",35,"Total","Easy",8,11,137.495868147676,-0.693732823130262
"Thomas",36,"Lower","Easy",0,21,132.10232898472,-5.39353916295605
"Thomas",37,"Off","",0,0,135.756081970524,3.65375298580415
"Thomas",38,"Off","",0,0,135.65546814309,-0.100613827434387
"Thomas",39,"Lower","Easy",0,24,135.821467411258,0.165999268167496
"Thomas",40,"Total","Easy",8,12,133.814495930692,-2.00697148056511
"Thomas",41,"Off","",0,0,139.215029149824,5.40053321913149
"Thomas",42,"Upper","Hard",40,0,139.219562964604,0.00453381477959169
"Thomas",43,"Lower","Medium",0,30,138.927394934039,-0.292168030564284
"Thomas",44,"Upper","Hard",39,0,136.790385645668,-2.13700928837096
"Thomas",45,"Upper","Medium",30,0,139.461043266201,2.67065762053318
"Thomas",46,"Upper","Easy",18,0,136.46663940199,-2.99440386421099
"Thomas",47,"Upper","Hard",41,0,134.865405522908,-1.60123387908288
"Thomas",48,"Total","Easy",9,9,136.422576355259,1.55717083235152
"Thomas",49,"Total","Hard",31,27,135.073064770242,-1.3495115850169
"Thomas",50,"Upper","Hard",40,0,131.42949980816,-3.64356496208248
"Thomas",51,"Total","Medium",20,17,135.333077948643,3.90357814048349
"Thomas",52,"Lower","Hard",0,40,133.323339828433,-2.0097381202103
"Thomas",53,"Off","",0,0,136.263487719454,2.9401478910209
"Thomas",54,"Lower","Medium",0,33,137.946993833214,1.68350611375971
"Thomas",55,"Upper","Easy",22,0,137.152360447581,-0.794633385632721
"Thomas",56,"Off","",0,0,142.144668329306,4.99230788172477
"Thomas",57,"Off","",0,0,137.106106362093,-5.03856196721216
"Thomas",58,"Lower","Hard",0,39,136.006564417829,-1.09954194426444
"Thomas",59,"Off","",0,0,139.165802348803,3.159237930974
"Thomas",60,"Upper","Medium",29,0,135.78088078658,-3.38492156222298
"Thomas",61,"Upper","Hard",38,0,138.01966902504,2.2387882384603
"Thomas",62,"Upper","Easy",20,0,136.844729012242,-1.17494001279792
"Thomas",63,"Lower","Hard",0,42,138.197408240906,1.35267922866379
"Thomas",64,"Off","",0,0,137.844470282131,-0.352937958775186
"Thomas",65,"Total","Medium",23,18,142.949518571957,5.10504828982602
"Thomas",66,"Upper","Easy",19,0,140.663743905727,-2.28577466623025
"Thomas",67,"Off","",0,0,138.474935117272,-2.18880878845516
"Thomas",68,"Off","",0,0,139.953234917126,1.47829979985477
"Thomas",69,"Total","Hard",31,28,140.99759749768,1.04436258055372
"Thomas",70,"Total","Hard",33,32,140.925225884104,-0.0723716135759673
"Thomas",71,"Off","",0,0,137.312918877226,-3.61230700687764
"Thomas",72,"Off","",0,0,140.24257544613,2.92965656890311
"Thomas",73,"Upper","Hard",39,0,140.203945677464,-0.0386297686655723
"Thomas",74,"Off","",0,0,142.81598562044,2.61203994297591
"Thomas",75,"Upper","Easy",18,0,138.235193161873,-4.58079245856723
"Thomas",76,"Off","",0,0,139.832884864927,1.59769170305447
"Thomas",77,"Lower","Hard",0,40,140.291313540712,0.458428675784972
"Thomas",78,"Off","",0,0,139.368515479755,-0.922798060957149
"Thomas",79,"Lower","Medium",0,32,143.62616801757,4.25765253781546
"Thomas",80,"Upper","Easy",19,0,142.393854456773,-1.23231356079785
"Thomas",81,"Lower","Hard",0,42,146.120466024847,3.72661156807445
"Thomas",82,"Total","Hard",29,31,141.363642999064,-4.75682302578321
"Thomas",83,"Upper","Easy",20,0,144.243008419825,2.87936542076082
"Thomas",84,"Upper","Easy",20,0,147.51800512502,3.27499670519489
"Thomas",85,"Upper","Medium",31,0,142.924126671963,-4.59387845305659
"Thomas",86,"Off","",0,0,143.678699408754,0.754572736791147
"Thomas",87,"Lower","Hard",0,41,145.615999412916,1.93730000416178
"Thomas",88,"Lower","Easy",0,22,145.040604751412,-0.575394661504077
"Thomas",89,"Off","",0,0,141.915680211037,-3.12492454037508
"Thomas",90,"Lower","Easy",0,23,143.640416094796,1.72473588375905
"Wesley",1,"Off","",0,0,200.819896989543,NA
"Wesley",2,"Upper","Easy",23,0,204.48460473639,3.66470774684677
"Wesley",3,"Lower","Medium",0,31,198.237445134967,-6.24715960142225
"Wesley",4,"Upper","Easy",20,0,201.470546829132,3.23310169416467
"Wesley",5,"Total","Easy",8,15,198.110461837097,-3.36008499203473
"Wesley",6,"Upper","Easy",16,0,197.525565587286,-0.584896249811123
"Wesley",7,"Total","Hard",25,26,199.525490301204,1.99992471391786
"Wesley",8,"Total","Easy",9,12,200.570896543682,1.04540624247755
"Wesley",9,"Upper","Easy",19,0,203.056883473836,2.48598693015433
"Wesley",10,"Total","Easy",7,8,199.875681904471,-3.18120156936504
"Wesley",11,"Lower","Medium",0,29,197.106440510375,-2.76924139409542
"Wesley",12,"Lower","Medium",0,31,202.753707038132,5.6472665277567
"Wesley",13,"Total","Medium",19,21,197.223733530076,-5.52997350805643
"Wesley",14,"Upper","Easy",18,0,199.00161573695,1.77788220687466
"Wesley",15,"Total","Easy",9,10,199.987184713576,0.985568976625984
"Wesley",16,"Upper","Medium",30,0,196.508415943422,-3.47876877015446
"Wesley",17,"Total","Easy",11,9,197.087476600915,0.579060657492732
"Wesley",18,"Lower","Hard",0,41,200.04890637702,2.96142977610543
"Wesley",19,"Off","",0,0,195.807526157372,-4.24138021964828
"Wesley",20,"Off","",0,0,195.428342212443,-0.379183944928911
"Wesley",21,"Total","Medium",20,19,195.977928019023,0.549585806580239
"Wesley",22,"Off","",0,0,200.224027733991,4.2460997149679
"Wesley",23,"Off","",0,0,204.258588867618,4.0345611336268
"Wesley",24,"Off","",0,0,200.79268119229,-3.46590767532817
"Wesley",25,"Upper","Easy",21,0,200.072558802854,-0.720122389435659
"Wesley",26,"Total","Hard",34,35,194.442658547829,-5.62990025502458
"Wesley",27,"Total","Easy",9,9,197.127044628456,2.68438608062655
"Wesley",28,"Lower","Medium",0,29,199.285807378479,2.15876275002299
"Wesley",29,"Off","",0,0,194.65550309649,-4.63030428198928
"Wesley",30,"Total","Medium",17,17,200.436640045425,5.78113694893523
"Wesley",31,"Upper","Medium",32,0,198.394483693775,-2.04215635164985
"Wesley",32,"Lower","Hard",0,39,198.438639583487,0.0441558897115613
"Wesley",33,"Off","",0,0,199.022747324109,0.584107740622358
"Wesley",34,"Lower","Easy",0,17,197.640068964282,-1.38267835982734
"Wesley",35,"Lower","Hard",0,44,197.018220768815,-0.621848195466868
"Wesley",36,"Total","Hard",31,26,198.476864569109,1.45864380029428
"Wesley",37,"Lower","Hard",0,38,202.255060065181,3.77819549607159
"Wesley",38,"Off","",0,0,198.347286811533,-3.90777325364729
"Wesley",39,"Lower","Easy",0,23,196.975415022069,-1.37187178946462
"Wesley",40,"Off","",0,0,199.682638034141,2.70722301207223
"Wesley",41,"Total","Easy",8,7,198.86061834614,-0.822019688001433
"Wesley",42,"Off","",0,0,199.892480237921,1.03186189178189
"Wesley",43,"Off","",0,0,201.820083261777,1.92760302385608
"Wesley",44,"Off","",0,0,194.944308242253,-6.8757750195247
"Wesley",45,"Total","Easy",8,9,197.711646308436,2.76733806618321
"Wesley",46,"Lower","Hard",0,42,195.847258793913,-1.86438751452263
"Wesley",47,"Total","Hard",32,33,200.828760143396,4.98150134948261
"Wesley",48,"Off","",0,0,200.821092189077,-0.00766795431883338
"Wesley",49,"Lower","Easy",0,21,199.11883633128,-1.70225585779761
"Wesley",50,"Off","",0,0,195.202979859977,-3.91585647130296
"Wesley",51,"Off","",0,0,202.635869779728,7.43288991975109
"Wesley",52,"Total","Easy",10,5,199.975660664965,-2.66020911476264
"Wesley",53,"Upper","Medium",29,0,198.952887250032,-1.02277341493263
"Wesley",54,"Total","Easy",9,10,197.420124674495,-1.53276257553696
"Wesley",55,"Lower","Hard",0,37,198.419193205769,0.999068531273593
"Wesley",56,"Off","",0,0,198.371142686262,-0.0480505195068019
"Wesley",57,"Lower","Hard",0,41,197.703537186847,-0.667605499415117
"Wesley",58,"Upper","Easy",21,0,201.636967384343,3.93343019749619
"Wesley",59,"Total","Medium",23,20,199.447433538705,-2.18953384563855
"Wesley",60,"Upper","Easy",21,0,199.365550321029,-0.081883217676193
"Wesley",61,"Lower","Medium",0,31,196.793294700832,-2.57225562019681
"Wesley",62,"Upper","Easy",20,0,203.192452238669,6.39915753783706
"Wesley",63,"Total","Medium",18,20,198.430547229738,-4.76190500893037
"Wesley",64,"Off","",0,0,195.248331935071,-3.18221529466783
"Wesley",65,"Off","",0,0,196.842863385485,1.59453145041482
"Wesley",66,"Total","Easy",10,10,195.039387680971,-1.80347570451465
"Wesley",67,"Lower","Medium",0,30,198.70165189765,3.66226421667881
"Wesley",68,"Total","Hard",30,27,200.968271143928,2.26661924627805
"Wesley",69,"Total","Medium",19,17,198.321659209039,-2.64661193488863
"Wesley",70,"Total","Hard",34,29,198.206127321656,-0.115531887383412
"Wesley",71,"Upper","Easy",19,0,197.77110024302,-0.435027078635557
"Wesley",72,"Off","",0,0,202.969025591476,5.1979253484555
"Wesley",73,"Off","",0,0,200.483220344935,-2.48580524654088
"Wesley",74,"Total","Easy",9,11,197.985060193965,-2.49816015096971
"Wesley",75,"Upper","Hard",39,0,199.681029906828,1.69596971286293
"Wesley",76,"Total","Easy",10,10,200.209123511514,0.528093604686006
"Wesley",77,"Total","Medium",20,18,193.968330470811,-6.24079304070321
"Wesley",78,"Total","Easy",10,11,195.630873277147,1.66254280633646
"Wesley",79,"Total","Hard",32,29,195.753359052878,0.122485775730496
"Wesley",80,"Upper","Hard",40,0,198.898862076807,3.14550302392976
"Wesley",81,"Lower","Easy",0,18,200.682420131835,1.78355805502753
"Wesley",82,"Off","",0,0,200.077536609862,-0.60488352197342
"Wesley",83,"Off","",0,0,195.80170546051,-4.27583114935175
"Wesley",84,"Off","",0,0,198.114403567937,2.31269810742683
"Wesley",85,"Total","Hard",30,29,198.316383866604,0.201980298667735
"Wesley",86,"Off","",0,0,199.688858923124,1.37247505651959
"Wesley",87,"Lower","Medium",0,31,196.332423791646,-3.35643513147753
"Wesley",88,"Upper","Medium",27,0,197.782537109332,1.45011331768592
"Wesley",89,"Off","",0,0,200.321750179494,2.53921307016142
"Wesley",90,"Total","Medium",20,18,201.79175990012,1.47000972062671
